{"train_loss": [0.6330241858959198, 0.5235094204545021, 0.4551190584897995, 0.40227536857128143, 0.36090100556612015, 0.32788795977830887, 0.30055682361125946, 0.2773507125675678, 0.25754832476377487, 0.24060643836855888, 0.22595100477337837, 0.21315691247582436, 0.20196066424250603, 0.19213014468550682, 0.18344416096806526, 0.1757248006761074, 0.16882576420903206, 0.16261818259954453, 0.15699718706309795, 0.15188400633633137, 0.14721675030887127, 0.14294233731925488, 0.13901326060295105, 0.13538743183016777, 0.13202958926558495, 0.12891065329313278, 0.1260062251240015, 0.1232950109988451, 0.1207580640912056, 0.1183783020824194, 0.11614059656858444, 0.11403188668191433, 0.11204082518815994, 0.11015733145177364, 0.1083723846822977, 0.1066778302192688, 0.10506641119718552, 0.10353175550699234, 0.10206809267401695, 0.10067024454474449, 0.099333506077528, 0.09805347211658955, 0.09682616591453552, 0.09564795345067978, 0.09451557509601116, 0.09342608414590359, 0.0923767238855362, 0.09136483445763588, 0.0903880950063467, 0.0894443430006504], "train_acc": [0.7430555555555556, 0.8298611111111112, 0.8715277777777778, 0.8888888888888888, 0.9027777777777778, 0.920138888888889, 0.9340277777777778, 0.9375, 0.9479166666666667, 0.954861111111111, 0.9618055555555556, 0.96875, 0.96875, 0.9722222222222223, 0.9791666666666667, 0.982638888888889, 0.982638888888889, 0.9861111111111112, 0.9895833333333334, 0.9895833333333334, 0.9895833333333334, 0.9930555555555556, 0.9965277777777778, 0.9965277777777778, 0.9965277777777778, 0.9965277777777778, 0.9965277777777778, 0.9965277777777778, 1.0, 1.0, 1.0, 1.0, 1.0, 1.0, 1.0, 1.0, 1.0, 1.0, 1.0, 1.0, 1.0, 1.0, 1.0, 1.0, 1.0, 1.0, 1.0, 1.0, 1.0, 1.0], "val_loss": [0.569706916809082, 0.529229961335659, 0.5029964298009872, 0.49328146129846573, 0.49177004396915436, 0.4899393543601036, 0.4851514920592308, 0.47902482748031616, 0.4733807221055031, 0.47033441066741943, 0.46960539370775223, 0.4702039137482643, 0.4713001772761345, 0.4724588394165039, 0.4735676646232605, 0.4748639911413193, 0.4761032909154892, 0.4774591848254204, 0.47886670380830765, 0.48039963096380234, 0.48169439285993576, 0.4829588755965233, 0.4840949699282646, 0.48514267057180405, 0.48608043789863586, 0.487129770219326, 0.48812150210142136, 0.489141121506691, 0.49005650728940964, 0.49077794700860977, 0.49158164113759995, 0.49242545664310455, 0.49321097880601883, 0.4940284416079521, 0.4948718100786209, 0.49553947150707245, 0.4961152672767639, 0.49683497846126556, 0.497564934194088, 0.4983174577355385, 0.49919362366199493, 0.5001152083277702, 0.5007444769144058, 0.5013056173920631, 0.5019139721989632, 0.5024929642677307, 0.5031044259667397, 0.50373325496912, 0.5043805912137032, 0.5048577189445496], "val_acc": [0.7847222222222222, 0.798611111111111, 0.8055555555555556, 0.8125, 0.7986111111111112, 0.7986111111111112, 0.7951388888888888, 0.8090277777777778, 0.8124999999999999, 0.8125, 0.8194444444444444, 0.8229166666666666, 0.8298611111111112, 0.8298611111111112, 0.8229166666666667, 0.8194444444444444, 0.8159722222222222, 0.8125, 0.8125, 0.8125, 0.8125, 0.8125, 0.8125, 0.8125, 0.8125, 0.8090277777777778, 0.8159722222222222, 0.8194444444444444, 0.8194444444444444, 0.8194444444444444, 0.8229166666666666, 0.8229166666666666, 0.829861111111111, 0.829861111111111, 0.8229166666666666, 0.8229166666666666, 0.8229166666666666, 0.8229166666666666, 0.8229166666666666, 0.8229166666666666, 0.8263888888888888, 0.8263888888888888, 0.8263888888888888, 0.8229166666666666, 0.8229166666666666, 0.8229166666666666, 0.8229166666666666, 0.8229166666666666, 0.8229166666666666, 0.8229166666666666]}