{"train_loss": [0.9659312814474106, 0.7815653830766678, 0.5924433469772339, 0.49981625378131866, 0.512811467051506, 0.40292032808065414, 0.4494328945875168, 0.38499782606959343, 0.3080284669995308, 0.2903893366456032, 0.23533376306295395, 0.257339246571064, 0.24498452618718147, 0.19905386865139008, 0.22961485013365746, 0.16495999693870544, 0.18500683642923832, 0.1761004440486431, 0.14209594205021858, 0.13003525510430336, 0.14211372658610344, 0.16608285903930664, 0.12890326790511608, 0.14304347708821297, 0.10495898127555847, 0.12724531814455986, 0.1120868381112814, 0.08805191703140736, 0.11480183061212301, 0.06924621481448412, 0.10050851665437222, 0.06676004640758038, 0.08711959980428219, 0.09787796251475811, 0.0795875322073698, 0.10024326853454113, 0.06219021417200565, 0.08902363572269678, 0.06510276906192303, 0.04775031330063939, 0.08178883977234364, 0.06349215842783451, 0.05419554002583027, 0.05032696621492505, 0.05825257021933794, 0.04836729867383838, 0.053790719248354435, 0.06749644502997398, 0.06449938658624887, 0.0424169828183949], "train_acc": [0.6770833333333333, 0.7152777777777777, 0.7777777777777778, 0.8055555555555556, 0.8090277777777779, 0.8645833333333334, 0.8680555555555555, 0.8715277777777778, 0.8993055555555556, 0.8993055555555555, 0.8923611111111112, 0.9027777777777778, 0.9131944444444444, 0.9166666666666666, 0.9097222222222222, 0.9375, 0.9374999999999999, 0.9374999999999999, 0.951388888888889, 0.9652777777777778, 0.9444444444444444, 0.9375, 0.9652777777777778, 0.9652777777777778, 0.9756944444444445, 0.951388888888889, 0.96875, 0.9687500000000001, 0.9618055555555556, 0.982638888888889, 0.96875, 0.982638888888889, 0.9722222222222222, 0.9756944444444445, 0.9756944444444444, 0.96875, 0.9791666666666667, 0.9756944444444445, 0.9861111111111112, 0.9895833333333334, 0.9722222222222223, 0.9826388888888888, 0.9895833333333334, 0.9861111111111112, 0.9895833333333334, 0.9861111111111112, 0.9930555555555556, 0.9791666666666667, 0.9895833333333334, 0.9930555555555556], "val_loss": [1.160533994436264, 0.7770323902368546, 0.6416083127260208, 0.604759156703949, 0.5802371203899384, 0.550969772040844, 0.5312453731894493, 0.5203323140740395, 0.5172859653830528, 0.5215735211968422, 0.5296851843595505, 0.5182281360030174, 0.5009984597563744, 0.4937617927789688, 0.5085998103022575, 0.5197601169347763, 0.5197318494319916, 0.5214604511857033, 0.5188247561454773, 0.5193555951118469, 0.5361687764525414, 0.5571617409586906, 0.5625368133187294, 0.5320087671279907, 0.5068534538149834, 0.5030193105340004, 0.5088370889425278, 0.5239393338561058, 0.5473791435360909, 0.5504833459854126, 0.5358080118894577, 0.5090252906084061, 0.49095936864614487, 0.49107398092746735, 0.5155542567372322, 0.5307830199599266, 0.527037039399147, 0.5240432098507881, 0.5224780961871147, 0.5299563333392143, 0.5358100235462189, 0.5532152652740479, 0.5559058040380478, 0.5466631501913071, 0.5368441045284271, 0.5314705595374107, 0.5349947735667229, 0.5335926562547684, 0.5311051085591316, 0.5232436060905457], "val_acc": [0.6076388888888888, 0.7222222222222222, 0.7847222222222222, 0.8055555555555556, 0.8055555555555556, 0.8125, 0.8159722222222222, 0.8125, 0.8159722222222222, 0.826388888888889, 0.8229166666666667, 0.8159722222222222, 0.8090277777777779, 0.8159722222222223, 0.8055555555555555, 0.8090277777777777, 0.8194444444444445, 0.826388888888889, 0.826388888888889, 0.8333333333333334, 0.8229166666666666, 0.8090277777777778, 0.8055555555555556, 0.8055555555555556, 0.8229166666666667, 0.8229166666666667, 0.826388888888889, 0.8090277777777779, 0.8125, 0.8090277777777778, 0.8055555555555556, 0.8159722222222223, 0.826388888888889, 0.8159722222222223, 0.8125, 0.8125, 0.8125000000000001, 0.8125, 0.826388888888889, 0.8159722222222223, 0.8159722222222223, 0.8090277777777779, 0.8090277777777778, 0.8090277777777778, 0.8125000000000001, 0.8159722222222222, 0.8229166666666666, 0.8194444444444444, 0.826388888888889, 0.829861111111111]}