{"train_loss": [0.8841348886489868, 0.6504420638084412, 0.5537067502737045, 0.4680410102009773, 0.409978237003088, 0.3767791874706745, 0.3076392449438572, 0.2888898737728596, 0.2907012850046158, 0.286731019616127, 0.2459227479994297, 0.2677038684487343, 0.2769794911146164, 0.1934766285121441, 0.1998230218887329, 0.1696450486779213, 0.1949085146188736, 0.15637065097689629, 0.14450103230774403, 0.16423802077770233, 0.15004195086658, 0.12104546651244164, 0.10991330444812775, 0.1125024538487196, 0.13979292660951614, 0.09612323995679617, 0.08128047175705433, 0.12553329393267632, 0.10261224396526814, 0.07380661275237799, 0.07863717246800661, 0.08514235354959965, 0.07286701630800962, 0.09905782155692577, 0.06111500971019268, 0.06390586495399475, 0.07706202659755945, 0.05490587139502168, 0.06081121787428856, 0.07473540119826794, 0.047672489657998085, 0.05234761629253626, 0.061649493873119354, 0.05462012579664588, 0.056232907343655825, 0.079220125451684, 0.054777918849140406, 0.054184087086468935, 0.04657609108835459, 0.04499748023226857], "train_acc": [0.7048611111111112, 0.7743055555555555, 0.8229166666666667, 0.8368055555555556, 0.8298611111111112, 0.8472222222222223, 0.8854166666666667, 0.9097222222222222, 0.8854166666666667, 0.8958333333333333, 0.9097222222222222, 0.8993055555555555, 0.9131944444444444, 0.9305555555555556, 0.9375, 0.9409722222222222, 0.9201388888888888, 0.9479166666666667, 0.9513888888888888, 0.9444444444444444, 0.9444444444444444, 0.954861111111111, 0.96875, 0.9652777777777779, 0.9513888888888888, 0.9791666666666667, 0.982638888888889, 0.9548611111111112, 0.9791666666666667, 0.982638888888889, 0.982638888888889, 0.982638888888889, 0.9791666666666667, 0.96875, 0.9861111111111112, 0.982638888888889, 0.9791666666666667, 0.9895833333333334, 0.9861111111111112, 0.982638888888889, 0.9930555555555556, 0.9895833333333334, 0.9861111111111112, 0.982638888888889, 0.9895833333333334, 0.9722222222222222, 0.9861111111111112, 0.9895833333333334, 0.9930555555555556, 0.9930555555555556], "val_loss": [0.6792878285050392, 0.6682443618774414, 0.6400796547532082, 0.6276178881525993, 0.6216005980968475, 0.6272755041718483, 0.6282647177577019, 0.6219532936811447, 0.6055635958909988, 0.5970064848661423, 0.5986303836107254, 0.6163714379072189, 0.6410363987088203, 0.6398609802126884, 0.6354486495256424, 0.6183911859989166, 0.5968832522630692, 0.5877670720219612, 0.5915950685739517, 0.6082175448536873, 0.6256026029586792, 0.644434779882431, 0.6353906691074371, 0.6313764005899429, 0.6200965121388435, 0.6120110526680946, 0.6120220348238945, 0.6215591207146645, 0.6307840794324875, 0.636386901140213, 0.6281516253948212, 0.6204312592744827, 0.6145932972431183, 0.6137170046567917, 0.6219399869441986, 0.632660411298275, 0.645117849111557, 0.6629494726657867, 0.6671511605381966, 0.6663575693964958, 0.6462285816669464, 0.6255948096513748, 0.6049459800124168, 0.5962276086211205, 0.596442349255085, 0.603522963821888, 0.6194259896874428, 0.6329520419239998, 0.6419705897569656, 0.6387615948915482], "val_acc": [0.75, 0.7465277777777778, 0.767361111111111, 0.7638888888888888, 0.7708333333333334, 0.7638888888888888, 0.75, 0.75, 0.763888888888889, 0.7743055555555556, 0.78125, 0.767361111111111, 0.7638888888888888, 0.7673611111111112, 0.7708333333333333, 0.7777777777777777, 0.7777777777777777, 0.7708333333333333, 0.7673611111111112, 0.7743055555555556, 0.7673611111111112, 0.7673611111111112, 0.7743055555555556, 0.7777777777777778, 0.7916666666666666, 0.8020833333333334, 0.8020833333333334, 0.8020833333333334, 0.7743055555555556, 0.7673611111111112, 0.7743055555555556, 0.7777777777777777, 0.7847222222222222, 0.7847222222222222, 0.7777777777777778, 0.7743055555555556, 0.7708333333333333, 0.7638888888888888, 0.7708333333333333, 0.78125, 0.7777777777777777, 0.7777777777777777, 0.7743055555555556, 0.78125, 0.7916666666666666, 0.7986111111111112, 0.798611111111111, 0.8055555555555556, 0.7916666666666666, 0.7951388888888888]}