{"train_loss": [0.997557669878006, 0.8398960828781128, 0.6836490258574486, 0.6457758098840714, 0.5854111239314079, 0.44707517325878143, 0.42434146255254745, 0.3675903454422951, 0.30299144983291626, 0.31548336148262024, 0.2508997470140457, 0.2406874280422926, 0.22974249720573425, 0.19344806298613548, 0.21517740190029144, 0.1994100846350193, 0.1979817058891058, 0.16888676211237907, 0.16340758837759495, 0.15496358089148998, 0.17287929356098175, 0.13653320632874966, 0.15338855795562267, 0.1262570060789585, 0.1381028313189745, 0.12931172363460064, 0.09094595536589622, 0.12178703583776951, 0.12785938754677773, 0.07132439222186804, 0.09135509841144085, 0.10167323984205723, 0.08556076139211655, 0.06747501529753208, 0.069350840523839, 0.0783461444079876, 0.0709316972643137, 0.07930768840014935, 0.07552008889615536, 0.05260302219539881, 0.05136180017143488, 0.06005050800740719, 0.04190691374242306, 0.05596191342920065, 0.04496050253510475, 0.061614214442670345, 0.05186730436980724, 0.05852352827787399, 0.044788554310798645, 0.04488920792937279], "train_acc": [0.6944444444444444, 0.71875, 0.7743055555555556, 0.7881944444444444, 0.7743055555555556, 0.829861111111111, 0.84375, 0.8854166666666666, 0.8958333333333334, 0.8958333333333334, 0.9166666666666667, 0.9305555555555555, 0.9097222222222222, 0.9340277777777778, 0.9340277777777777, 0.9201388888888888, 0.9374999999999999, 0.9340277777777778, 0.9375, 0.9444444444444444, 0.9375, 0.9583333333333334, 0.9409722222222221, 0.9652777777777778, 0.9583333333333333, 0.9513888888888888, 0.9687500000000001, 0.9652777777777779, 0.9409722222222223, 0.982638888888889, 0.9722222222222222, 0.9618055555555556, 0.9722222222222223, 0.982638888888889, 0.982638888888889, 0.9756944444444444, 0.982638888888889, 0.9722222222222223, 0.9791666666666667, 0.9895833333333334, 0.9861111111111112, 0.982638888888889, 1.0, 0.9861111111111112, 0.9930555555555556, 0.982638888888889, 0.9791666666666667, 0.9791666666666667, 0.9861111111111112, 0.9895833333333334], "val_loss": [1.143787994980812, 1.050164058804512, 0.9948807060718536, 0.9576112776994705, 0.930144265294075, 0.9032673984766006, 0.8848366290330887, 0.8741853088140488, 0.8719260543584824, 0.8659061640501022, 0.85518479347229, 0.8466571271419525, 0.8552741408348083, 0.8596391379833221, 0.850902870297432, 0.8456052839756012, 0.8475459218025208, 0.8494587689638138, 0.8496943116188049, 0.8582595437765121, 0.8547544479370117, 0.843680739402771, 0.8389031440019608, 0.8396376967430115, 0.8466620296239853, 0.8496215492486954, 0.8548993617296219, 0.8598865270614624, 0.8607326745986938, 0.8595047146081924, 0.8667865842580795, 0.8670944720506668, 0.8580769747495651, 0.8525434881448746, 0.8540988713502884, 0.8640537858009338, 0.8733099550008774, 0.8655510544776917, 0.8597882837057114, 0.8601439297199249, 0.8626952171325684, 0.8658207654953003, 0.8754792362451553, 0.8803486526012421, 0.8778541833162308, 0.8755580186843872, 0.8765742033720016, 0.879294753074646, 0.8911190629005432, 0.8987961113452911], "val_acc": [0.6354166666666667, 0.6701388888888888, 0.6805555555555556, 0.7083333333333334, 0.6979166666666667, 0.7118055555555556, 0.7256944444444444, 0.7256944444444443, 0.7291666666666666, 0.7361111111111112, 0.7430555555555556, 0.7430555555555557, 0.7256944444444444, 0.7291666666666667, 0.7361111111111112, 0.7430555555555556, 0.7361111111111112, 0.7291666666666667, 0.7326388888888888, 0.7326388888888888, 0.7118055555555555, 0.7222222222222223, 0.7395833333333333, 0.7430555555555556, 0.7326388888888888, 0.7326388888888888, 0.7465277777777777, 0.7569444444444445, 0.7361111111111112, 0.7222222222222223, 0.7291666666666667, 0.7256944444444444, 0.7361111111111112, 0.7569444444444444, 0.7534722222222223, 0.7465277777777777, 0.7326388888888888, 0.7361111111111112, 0.7430555555555556, 0.7361111111111112, 0.7326388888888888, 0.7430555555555556, 0.7430555555555556, 0.7361111111111112, 0.7430555555555556, 0.7534722222222223, 0.7569444444444445, 0.7569444444444445, 0.7291666666666665, 0.7291666666666665]}