{"1": 0.8368055555555556, "2": 0.5763888888888888, "3": 0.9340277777777778, "4": 0.78125, "5": 0.7604166666666666, "6": 0.6805555555555556, "7": 0.84375, "8": 0.8090277777777778, "9": 0.7743055555555556}