{"train_loss": [0.9932086020708084, 0.8593367636203766, 0.7969544231891632, 0.7229835838079453, 0.6712583899497986, 0.6252701506018639, 0.5831427425146103, 0.55093764513731, 0.5214263498783112, 0.49433329701423645, 0.4715700224041939, 0.4512006565928459, 0.4330444484949112, 0.4170856922864914, 0.4025605320930481, 0.3894360810518265, 0.3775719106197357, 0.3667401298880577, 0.3568815588951111, 0.3478386774659157, 0.33951176702976227, 0.331844225525856, 0.32475539296865463, 0.318182036280632, 0.3120647221803665, 0.3063555471599102, 0.3010166846215725, 0.2960139513015747, 0.29131685569882393, 0.286896463483572, 0.28272631764411926, 0.2787831798195839, 0.2750471495091915, 0.27150070667266846, 0.26812779158353806, 0.2649138644337654, 0.2618464007973671, 0.2589140757918358, 0.2561064623296261, 0.25341371819376945, 0.2508268281817436, 0.2483377382159233, 0.24593955650925636, 0.24362564831972122, 0.241389911621809, 0.23922687768936157, 0.23713161423802376, 0.23509949073195457, 0.233126450330019, 0.23120861500501633], "train_acc": [0.6041666666666666, 0.6840277777777779, 0.701388888888889, 0.7534722222222222, 0.78125, 0.8020833333333333, 0.8402777777777778, 0.8576388888888888, 0.8680555555555556, 0.8854166666666666, 0.8854166666666666, 0.90625, 0.9131944444444444, 0.9131944444444444, 0.9270833333333334, 0.9374999999999999, 0.9409722222222222, 0.9444444444444444, 0.9479166666666666, 0.9513888888888888, 0.9513888888888888, 0.9583333333333333, 0.9583333333333333, 0.9583333333333333, 0.9583333333333333, 0.9583333333333333, 0.96875, 0.9722222222222223, 0.9722222222222223, 0.9722222222222223, 0.9722222222222223, 0.9791666666666667, 0.9791666666666667, 0.9791666666666667, 0.9791666666666667, 0.982638888888889, 0.982638888888889, 0.982638888888889, 0.9930555555555556, 0.9930555555555556, 0.9930555555555556, 0.9930555555555556, 0.9930555555555556, 0.9930555555555556, 0.9930555555555556, 0.9965277777777778, 0.9965277777777778, 0.9965277777777778, 0.9965277777777778, 0.9965277777777778], "val_loss": [1.2704005241394043, 1.0631459206342697, 0.9375453740358353, 0.8800129741430283, 0.8495877832174301, 0.8221834301948547, 0.8084680438041687, 0.8051196336746216, 0.8033779859542847, 0.8038580566644669, 0.8040990382432938, 0.802717000246048, 0.7999778389930725, 0.7967798113822937, 0.794378861784935, 0.7928594350814819, 0.7913679480552673, 0.7895255088806152, 0.7875358611345291, 0.7858432978391647, 0.7847772240638733, 0.7843910604715347, 0.7838818579912186, 0.7831396609544754, 0.7823860347270966, 0.7817443162202835, 0.7812802195549011, 0.7809827029705048, 0.7807959765195847, 0.7805812060832977, 0.7801443934440613, 0.7791783064603806, 0.7786552906036377, 0.7781193256378174, 0.7777987867593765, 0.7773565649986267, 0.7768706977367401, 0.7763882279396057, 0.7759604454040527, 0.7756614536046982, 0.7752620279788971, 0.7748377472162247, 0.7743744254112244, 0.7740059345960617, 0.7735541462898254, 0.7729944139719009, 0.7724446356296539, 0.7720734626054764, 0.7716072797775269, 0.7710652649402618], "val_acc": [0.4965277777777778, 0.5625, 0.6284722222222222, 0.6527777777777778, 0.6666666666666667, 0.6875, 0.6944444444444445, 0.7083333333333334, 0.7048611111111112, 0.701388888888889, 0.701388888888889, 0.6944444444444444, 0.701388888888889, 0.6979166666666666, 0.6979166666666666, 0.704861111111111, 0.701388888888889, 0.6979166666666666, 0.701388888888889, 0.701388888888889, 0.6944444444444445, 0.6944444444444445, 0.6979166666666666, 0.6944444444444444, 0.6979166666666667, 0.6979166666666666, 0.6944444444444445, 0.6979166666666667, 0.6909722222222222, 0.6944444444444445, 0.6944444444444445, 0.701388888888889, 0.7152777777777778, 0.7118055555555556, 0.7118055555555556, 0.7152777777777778, 0.7222222222222222, 0.7222222222222222, 0.7222222222222222, 0.7256944444444444, 0.7291666666666666, 0.7291666666666666, 0.7291666666666666, 0.7291666666666666, 0.7326388888888888, 0.7291666666666666, 0.7291666666666666, 0.7291666666666666, 0.736111111111111, 0.736111111111111]}