{"train_loss": [0.5696973651647568, 0.4690233916044235, 0.40697699785232544, 0.3561648353934288, 0.32209526747465134, 0.2951169088482857, 0.27104638516902924, 0.2510249651968479, 0.23434364423155785, 0.2196531482040882, 0.2071378044784069, 0.1966288946568966, 0.18728229403495789, 0.17885806784033775, 0.17132683098316193, 0.16451790928840637, 0.15839307010173798, 0.15291998535394669, 0.14797158539295197, 0.14344611391425133, 0.13928521424531937, 0.13544781133532524, 0.13191105611622334, 0.1286525186151266, 0.1256374455988407, 0.12282966077327728, 0.12020155787467957, 0.11773582547903061, 0.1154209803789854, 0.11324618943035603, 0.11119833588600159, 0.109263576567173, 0.10742993094027042, 0.10568859428167343, 0.10403290577232838, 0.10245678573846817, 0.10095398314297199, 0.09951820783317089, 0.09814388304948807, 0.09682637639343739, 0.09556183964014053, 0.09434688091278076, 0.09317816607654095, 0.09205246716737747, 0.0909667368978262, 0.08991824463009834, 0.08890462666749954, 0.08792381174862385, 0.08697390556335449, 0.08605305477976799], "train_acc": [0.7847222222222222, 0.84375, 0.8715277777777778, 0.9097222222222222, 0.9201388888888888, 0.9409722222222221, 0.9479166666666665, 0.9548611111111112, 0.9652777777777778, 0.9756944444444444, 0.982638888888889, 0.9930555555555556, 0.9930555555555556, 0.9930555555555556, 0.9930555555555556, 0.9930555555555556, 0.9930555555555556, 0.9930555555555556, 0.9965277777777778, 0.9965277777777778, 0.9965277777777778, 0.9965277777777778, 0.9965277777777778, 0.9965277777777778, 1.0, 1.0, 1.0, 1.0, 1.0, 1.0, 1.0, 1.0, 1.0, 1.0, 1.0, 1.0, 1.0, 1.0, 1.0, 1.0, 1.0, 1.0, 1.0, 1.0, 1.0, 1.0, 1.0, 1.0, 1.0, 1.0], "val_loss": [0.8798284530639648, 0.719913125038147, 0.5734802931547165, 0.49791015684604645, 0.46841268241405487, 0.46119268238544464, 0.46832750737667084, 0.48067567497491837, 0.4877815321087837, 0.48777053505182266, 0.48792438209056854, 0.4899645447731018, 0.49314869195222855, 0.4948832541704178, 0.4959900602698326, 0.49586183577775955, 0.49656441807746887, 0.4999705106019974, 0.5043132081627846, 0.5088756158947945, 0.5109187811613083, 0.5112365260720253, 0.5115644410252571, 0.5107229501008987, 0.5094996765255928, 0.5078126788139343, 0.5067590698599815, 0.5060523226857185, 0.5063109919428825, 0.5075751170516014, 0.5079706907272339, 0.5075244158506393, 0.5063213407993317, 0.507626362144947, 0.5099761933088303, 0.5123990550637245, 0.5157749876379967, 0.5163130834698677, 0.5161141902208328, 0.5179214179515839, 0.52043816447258, 0.5226097106933594, 0.5254381150007248, 0.5289083048701286, 0.5303206145763397, 0.5313770323991776, 0.5319724902510643, 0.5319064036011696, 0.5326583608984947, 0.5316235572099686], "val_acc": [0.6076388888888888, 0.7118055555555556, 0.7743055555555556, 0.8541666666666667, 0.8506944444444444, 0.8645833333333334, 0.8576388888888888, 0.8402777777777779, 0.8368055555555556, 0.8368055555555556, 0.8368055555555556, 0.8368055555555556, 0.8368055555555556, 0.8298611111111112, 0.8298611111111112, 0.8298611111111112, 0.8263888888888888, 0.8194444444444444, 0.8159722222222221, 0.8159722222222221, 0.8159722222222221, 0.8125, 0.8159722222222221, 0.8159722222222221, 0.8194444444444444, 0.8159722222222222, 0.8159722222222222, 0.8159722222222223, 0.8159722222222223, 0.8159722222222223, 0.8159722222222223, 0.8159722222222223, 0.8125, 0.8090277777777777, 0.8020833333333333, 0.8055555555555556, 0.8125, 0.8125, 0.8090277777777777, 0.8090277777777777, 0.8090277777777777, 0.8020833333333333, 0.798611111111111, 0.798611111111111, 0.798611111111111, 0.7951388888888888, 0.7951388888888888, 0.7951388888888888, 0.7951388888888888, 0.7951388888888888]}