{"train_loss": [0.8221002966165543, 0.648551344871521, 0.49717341363430023, 0.4319464936852455, 0.4107665568590164, 0.2988365590572357, 0.2932234816253185, 0.28102975711226463, 0.2740536443889141, 0.20713631436228752, 0.21006609499454498, 0.18830224126577377, 0.17063474096357822, 0.17398827336728573, 0.17913467437028885, 0.1632225699722767, 0.1742807412520051, 0.11098704300820827, 0.12124820705503225, 0.11945847421884537, 0.10792390629649162, 0.09677059389650822, 0.08874363917857409, 0.07333096489310265, 0.08147390466183424, 0.0664368961006403, 0.08203457482159138, 0.0672359885647893, 0.0762686189264059, 0.0544318612664938, 0.09423049166798592, 0.08663169480860233, 0.08336541894823313, 0.04648782033473253, 0.06900600530207157, 0.05019357521086931, 0.07315941248089075, 0.07536441832780838, 0.03896765969693661, 0.05358724668622017, 0.05265511479228735, 0.03930291626602411, 0.02727223513647914, 0.04825575929135084, 0.0386078804731369, 0.04474010248668492, 0.023092414485290647, 0.036692324094474316, 0.05277581373229623, 0.04295330308377743], "train_acc": [0.7534722222222222, 0.7743055555555556, 0.826388888888889, 0.8298611111111112, 0.8506944444444444, 0.875, 0.8958333333333334, 0.8958333333333333, 0.8923611111111112, 0.923611111111111, 0.9131944444444444, 0.923611111111111, 0.9340277777777777, 0.9444444444444444, 0.9305555555555556, 0.9444444444444444, 0.9305555555555556, 0.9652777777777777, 0.9513888888888888, 0.9409722222222222, 0.9618055555555556, 0.9652777777777779, 0.9756944444444445, 0.9791666666666667, 0.9722222222222223, 0.9895833333333334, 0.9722222222222223, 0.9756944444444445, 0.9791666666666667, 0.9930555555555556, 0.9722222222222223, 0.9722222222222223, 0.96875, 0.9895833333333334, 0.9756944444444444, 0.9861111111111112, 0.9722222222222223, 0.9722222222222222, 0.9930555555555556, 0.9861111111111112, 0.9791666666666667, 0.9861111111111112, 0.9965277777777778, 0.9861111111111112, 0.9861111111111112, 0.9895833333333334, 1.0, 0.9861111111111112, 0.9861111111111112, 0.9930555555555556], "val_loss": [0.4686802551150322, 0.4018460661172867, 0.3491905555129051, 0.33223406970500946, 0.32957617193460464, 0.3161289617419243, 0.33502017334103584, 0.3334740847349167, 0.3269258104264736, 0.33052078261971474, 0.3322564400732517, 0.32265936210751534, 0.2963329926133156, 0.27698033675551414, 0.26025624945759773, 0.2763657681643963, 0.30318692699074745, 0.2873775325715542, 0.27232395857572556, 0.2634417936205864, 0.27126891165971756, 0.29182368516921997, 0.3058973699808121, 0.30821698904037476, 0.2940524034202099, 0.28306349366903305, 0.29005326703190804, 0.2926103360950947, 0.2883174978196621, 0.2912203408777714, 0.27299028262495995, 0.2574605979025364, 0.2500140778720379, 0.2530727721750736, 0.25408120453357697, 0.26144392788410187, 0.28225625306367874, 0.30634209141135216, 0.3074846677482128, 0.2915744110941887, 0.2710590437054634, 0.25976646691560745, 0.2548317275941372, 0.2539622597396374, 0.2484404519200325, 0.2472277320921421, 0.24905290454626083, 0.25385843217372894, 0.243678517639637, 0.24091589450836182], "val_acc": [0.8298611111111112, 0.8576388888888888, 0.8576388888888888, 0.8715277777777778, 0.8819444444444444, 0.8784722222222222, 0.8784722222222222, 0.8784722222222221, 0.8854166666666666, 0.8784722222222222, 0.8854166666666665, 0.8819444444444444, 0.8888888888888888, 0.9027777777777777, 0.90625, 0.9027777777777777, 0.90625, 0.9027777777777779, 0.90625, 0.8958333333333333, 0.9097222222222223, 0.8993055555555556, 0.8958333333333333, 0.8888888888888888, 0.90625, 0.9131944444444444, 0.9131944444444444, 0.9166666666666667, 0.9166666666666667, 0.920138888888889, 0.9166666666666667, 0.9166666666666667, 0.9131944444444444, 0.920138888888889, 0.9201388888888888, 0.9166666666666667, 0.9166666666666667, 0.9027777777777777, 0.90625, 0.9131944444444444, 0.9131944444444444, 0.9201388888888888, 0.9236111111111112, 0.9201388888888888, 0.9236111111111112, 0.9236111111111112, 0.9270833333333333, 0.9201388888888888, 0.9270833333333333, 0.9305555555555556]}