{"train_loss": [0.5400287806987762, 0.44272181391716003, 0.3822028115391731, 0.33501342684030533, 0.29763295873999596, 0.26677655428647995, 0.24317944794893265, 0.22434453293681145, 0.20818287506699562, 0.1944701224565506, 0.18263795226812363, 0.17226941883563995, 0.16329121217131615, 0.1554156392812729, 0.14837149158120155, 0.14205421321094036, 0.1364077515900135, 0.1313646212220192, 0.12682337872684002, 0.12269303575158119, 0.11891921050846577, 0.1154639795422554, 0.11229624599218369, 0.1093827374279499, 0.10668672062456608, 0.10417908430099487, 0.10184129141271114, 0.09966002218425274, 0.09762226790189743, 0.09571331739425659, 0.09391877241432667, 0.09222709573805332, 0.0906295832246542, 0.08911903202533722, 0.08768859878182411, 0.08633140660822392, 0.08504131436347961, 0.08381302282214165, 0.0826419573277235, 0.08152392692863941, 0.08045502565801144, 0.0794316790997982, 0.07845073752105236, 0.07750938273966312, 0.07660499028861523, 0.07573507353663445, 0.07489737868309021, 0.07408987358212471, 0.07331071235239506, 0.07255818694829941], "train_acc": [0.7986111111111112, 0.8541666666666666, 0.8819444444444444, 0.9097222222222222, 0.9305555555555555, 0.9375, 0.9513888888888888, 0.9548611111111112, 0.9652777777777778, 0.9722222222222222, 0.9756944444444444, 0.982638888888889, 0.982638888888889, 0.982638888888889, 0.9861111111111112, 0.9861111111111112, 0.9895833333333334, 0.9895833333333334, 0.9930555555555556, 0.9930555555555556, 0.9965277777777778, 0.9965277777777778, 0.9965277777777778, 1.0, 1.0, 1.0, 1.0, 1.0, 1.0, 1.0, 1.0, 1.0, 1.0, 1.0, 1.0, 1.0, 1.0, 1.0, 1.0, 1.0, 1.0, 1.0, 1.0, 1.0, 1.0, 1.0, 1.0, 1.0, 1.0, 1.0], "val_loss": [0.7704672515392303, 0.7279593795537949, 0.6825317293405533, 0.6483621299266815, 0.6239262670278549, 0.6075079366564751, 0.5975063443183899, 0.5907387062907219, 0.585327222943306, 0.5805828869342804, 0.5763075277209282, 0.572384886443615, 0.5694543421268463, 0.5676628947257996, 0.5665653496980667, 0.5657381042838097, 0.5646850690245628, 0.564257949590683, 0.5641252771019936, 0.5643863305449486, 0.5648641437292099, 0.5649779066443443, 0.5653349161148071, 0.5654145032167435, 0.5655045434832573, 0.5654587149620056, 0.5656169354915619, 0.5661099627614021, 0.5664506778120995, 0.5666239112615585, 0.5668854415416718, 0.5672305226325989, 0.5678472816944122, 0.56858329474926, 0.5693067759275436, 0.5701694339513779, 0.570955440402031, 0.5717767775058746, 0.5730401277542114, 0.5740612372756004, 0.5749703571200371, 0.5754430890083313, 0.5759734213352203, 0.576727919280529, 0.5777425020933151, 0.5785032585263252, 0.5791842043399811, 0.5798469185829163, 0.5805253013968468, 0.5812451392412186], "val_acc": [0.7222222222222223, 0.732638888888889, 0.767361111111111, 0.7847222222222222, 0.7881944444444444, 0.7847222222222221, 0.7881944444444444, 0.8020833333333333, 0.8020833333333333, 0.8055555555555555, 0.8055555555555555, 0.8055555555555555, 0.8090277777777777, 0.8090277777777777, 0.8125, 0.8090277777777778, 0.8125, 0.8159722222222222, 0.8125, 0.8125, 0.8090277777777778, 0.8020833333333333, 0.8020833333333333, 0.8020833333333333, 0.798611111111111, 0.8020833333333333, 0.8020833333333333, 0.798611111111111, 0.798611111111111, 0.798611111111111, 0.798611111111111, 0.8020833333333334, 0.798611111111111, 0.7951388888888888, 0.798611111111111, 0.7951388888888888, 0.7986111111111112, 0.7916666666666666, 0.7916666666666666, 0.7916666666666666, 0.7916666666666666, 0.7916666666666666, 0.7951388888888888, 0.795138888888889, 0.795138888888889, 0.795138888888889, 0.795138888888889, 0.7916666666666666, 0.7916666666666666, 0.7916666666666666]}