{"train_loss": [0.7875482141971588, 0.6691398471593857, 0.5939399152994156, 0.5393414199352264, 0.493746355175972, 0.45460542291402817, 0.4219476357102394, 0.3939356803894043, 0.37062692642211914, 0.35123538970947266, 0.33420559763908386, 0.3189844340085983, 0.3054146394133568, 0.29334207996726036, 0.2826400473713875, 0.2730788327753544, 0.2644197717308998, 0.2565150484442711, 0.24928095191717148, 0.24266058206558228, 0.23659130930900574, 0.2309947982430458, 0.22580231726169586, 0.22096966579556465, 0.21646643802523613, 0.21226464211940765, 0.20833589881658554, 0.2046523466706276, 0.20119015872478485, 0.19793008267879486, 0.19485589861869812, 0.19195228070020676, 0.18920492008328438, 0.18660035356879234, 0.18412669375538826, 0.18177365139126778, 0.17953210696578026, 0.17739376053214073, 0.175351083278656, 0.17339717969298363, 0.17152554169297218, 0.1697302795946598, 0.16800609230995178, 0.16634804382920265, 0.1647518090903759, 0.16321322694420815, 0.1617284081876278, 0.16029393300414085, 0.15890657156705856, 0.15756340697407722], "train_acc": [0.6701388888888888, 0.7395833333333334, 0.7986111111111112, 0.84375, 0.8576388888888888, 0.8784722222222223, 0.9097222222222222, 0.9201388888888888, 0.9374999999999999, 0.9444444444444444, 0.9513888888888888, 0.954861111111111, 0.9583333333333333, 0.9583333333333333, 0.96875, 0.96875, 0.96875, 0.96875, 0.9722222222222223, 0.9756944444444445, 0.9756944444444445, 0.982638888888889, 0.9861111111111112, 0.9861111111111112, 0.9861111111111112, 0.9930555555555556, 0.9930555555555556, 0.9930555555555556, 0.9930555555555556, 0.9930555555555556, 0.9965277777777778, 0.9965277777777778, 0.9965277777777778, 0.9965277777777778, 1.0, 1.0, 1.0, 1.0, 1.0, 1.0, 1.0, 1.0, 1.0, 1.0, 1.0, 1.0, 1.0, 1.0, 1.0, 1.0], "val_loss": [1.2769942879676819, 1.0074951648712158, 0.8492874056100845, 0.765983909368515, 0.7223635315895081, 0.7002666741609573, 0.685903936624527, 0.6743687838315964, 0.6663702726364136, 0.6617202907800674, 0.6594109684228897, 0.6580879539251328, 0.6567421555519104, 0.6550937443971634, 0.6535125523805618, 0.6523422300815582, 0.6513567715883255, 0.6505474299192429, 0.6499167233705521, 0.6492627114057541, 0.6485843360424042, 0.6480230391025543, 0.6475972086191177, 0.6470751762390137, 0.6466250121593475, 0.6462714076042175, 0.6457735002040863, 0.6452724188566208, 0.6449294090270996, 0.6448474079370499, 0.6449620425701141, 0.6448754817247391, 0.6447673887014389, 0.6446454375982285, 0.6444635093212128, 0.6444101184606552, 0.6444654315710068, 0.6444618403911591, 0.6444594115018845, 0.6445011794567108, 0.6445545852184296, 0.6445537358522415, 0.6446859985589981, 0.6448210775852203, 0.6447643339633942, 0.6445903182029724, 0.6444558203220367, 0.6443464905023575, 0.6442654132843018, 0.6441665887832642], "val_acc": [0.4930555555555555, 0.5763888888888888, 0.65625, 0.6979166666666667, 0.7326388888888888, 0.7395833333333334, 0.7569444444444444, 0.7569444444444444, 0.7534722222222222, 0.75, 0.75, 0.75, 0.7430555555555556, 0.7465277777777778, 0.7465277777777778, 0.7465277777777778, 0.7430555555555556, 0.75, 0.7604166666666666, 0.7569444444444444, 0.7534722222222222, 0.7534722222222222, 0.7604166666666666, 0.7604166666666666, 0.7604166666666666, 0.7604166666666666, 0.7604166666666666, 0.7638888888888888, 0.767361111111111, 0.7604166666666666, 0.7604166666666666, 0.7638888888888888, 0.767361111111111, 0.767361111111111, 0.767361111111111, 0.767361111111111, 0.767361111111111, 0.7708333333333333, 0.7708333333333333, 0.7708333333333333, 0.767361111111111, 0.767361111111111, 0.767361111111111, 0.7638888888888888, 0.7638888888888888, 0.7638888888888888, 0.7638888888888888, 0.7638888888888888, 0.7638888888888888, 0.7638888888888888]}