{"train_loss": [1.0927508771419525, 0.9198182970285416, 0.7843437939882278, 0.679583340883255, 0.5123129859566689, 0.43928030133247375, 0.4397583231329918, 0.3874352499842644, 0.3527766540646553, 0.3796907067298889, 0.33397483080625534, 0.31596995145082474, 0.23486066237092018, 0.2690366469323635, 0.21662826463580132, 0.2171560451388359, 0.23221656307578087, 0.17815656960010529, 0.2240399718284607, 0.18338853865861893, 0.18800370767712593, 0.17391644418239594, 0.14537066966295242, 0.1386238969862461, 0.08941693790256977, 0.11817610636353493, 0.09793163649737835, 0.10396692343056202, 0.1093791238963604, 0.09514226205646992, 0.110301548615098, 0.08412619400769472, 0.1198411863297224, 0.08163904678076506, 0.07629582099616528, 0.07957293931394815, 0.09506478905677795, 0.06260273326188326, 0.08670726791024208, 0.08090862445533276, 0.08076533488929272, 0.08860413450747728, 0.07138803694397211, 0.06500432174652815, 0.08359627705067396, 0.049893155694007874, 0.05466507002711296, 0.05346050392836332, 0.06583954580128193, 0.08094990160316229], "train_acc": [0.6284722222222223, 0.6909722222222222, 0.7291666666666667, 0.7291666666666667, 0.8055555555555556, 0.8229166666666667, 0.8194444444444444, 0.8472222222222222, 0.8645833333333334, 0.8576388888888888, 0.8680555555555556, 0.8715277777777778, 0.90625, 0.9131944444444444, 0.9097222222222222, 0.920138888888889, 0.892361111111111, 0.9374999999999999, 0.9166666666666666, 0.9340277777777777, 0.920138888888889, 0.9375, 0.9479166666666666, 0.9444444444444444, 0.96875, 0.9583333333333333, 0.9652777777777778, 0.9618055555555556, 0.9687500000000001, 0.9652777777777778, 0.9652777777777778, 0.96875, 0.9479166666666666, 0.982638888888889, 0.9791666666666667, 0.982638888888889, 0.9722222222222223, 0.9861111111111112, 0.9583333333333333, 0.9722222222222222, 0.9756944444444445, 0.9722222222222223, 0.9895833333333334, 0.9791666666666667, 0.9583333333333334, 0.9930555555555556, 0.982638888888889, 0.9861111111111112, 0.982638888888889, 0.9791666666666667], "val_loss": [0.9858707189559937, 0.8086823225021362, 0.7043892443180084, 0.6460947692394257, 0.6243111342191696, 0.6070394665002823, 0.5881027281284332, 0.5859664306044579, 0.6057249382138252, 0.6025828048586845, 0.5869704261422157, 0.5921287760138512, 0.5871231630444527, 0.5884692370891571, 0.5936098694801331, 0.588720977306366, 0.5887324661016464, 0.5825644060969353, 0.5884969681501389, 0.6088038235902786, 0.6050770059227943, 0.5876427441835403, 0.5699912831187248, 0.5694642961025238, 0.5680644810199738, 0.5823600441217422, 0.6005373597145081, 0.6122467219829559, 0.6147924959659576, 0.5975302308797836, 0.5873005986213684, 0.5981618016958237, 0.6060703545808792, 0.6067550927400589, 0.5941061228513718, 0.5757429897785187, 0.5774670094251633, 0.5927055925130844, 0.6121837049722672, 0.6094226539134979, 0.6114368736743927, 0.5959342867136002, 0.585694894194603, 0.5746205151081085, 0.5712331533432007, 0.588419109582901, 0.5998809784650803, 0.5901408046483994, 0.586758479475975, 0.5978017747402191], "val_acc": [0.6597222222222222, 0.6770833333333333, 0.7256944444444445, 0.7569444444444444, 0.7569444444444444, 0.7708333333333334, 0.78125, 0.7847222222222222, 0.7743055555555555, 0.7777777777777778, 0.7916666666666667, 0.7916666666666667, 0.7951388888888888, 0.7847222222222222, 0.7951388888888888, 0.7951388888888888, 0.7916666666666666, 0.7951388888888888, 0.7916666666666666, 0.8020833333333334, 0.7986111111111112, 0.8020833333333333, 0.8090277777777777, 0.8125, 0.8055555555555556, 0.8055555555555555, 0.8090277777777777, 0.8090277777777777, 0.8055555555555555, 0.8020833333333334, 0.7916666666666666, 0.7916666666666666, 0.7986111111111112, 0.7951388888888888, 0.8020833333333333, 0.798611111111111, 0.8020833333333333, 0.798611111111111, 0.798611111111111, 0.798611111111111, 0.8020833333333333, 0.8090277777777778, 0.8159722222222223, 0.8090277777777777, 0.8055555555555555, 0.8125, 0.8055555555555555, 0.8090277777777777, 0.8229166666666667, 0.8125]}