{"train_loss": [1.937541663646698, 1.512015163898468, 1.3503899276256561, 1.1922980695962906, 1.0701665729284286, 1.0353954434394836, 0.8299026936292648, 0.8065928071737289, 0.7431348264217377, 0.7212324440479279, 0.6598993688821793, 0.720343291759491, 0.5985363647341728, 0.49631574004888535, 0.48007412254810333, 0.45548195391893387, 0.4415357783436775, 0.42625153064727783, 0.4012901559472084, 0.39678769558668137, 0.35137781500816345, 0.3716611713171005, 0.3271818198263645, 0.32851742208004, 0.30772286280989647, 0.33101093024015427, 0.2896658144891262, 0.26527607813477516, 0.2807728834450245, 0.2973014563322067, 0.25901151821017265, 0.21846195682883263, 0.22668717429041862, 0.23137632757425308, 0.24701380729675293, 0.2137564718723297, 0.21259450539946556, 0.212202787399292, 0.24463283270597458, 0.2322363704442978, 0.19698823243379593, 0.19080263003706932, 0.18640374392271042, 0.15192494355142117, 0.18972394242882729, 0.184514831751585, 0.15283306315541267, 0.17975923791527748, 0.12602315284311771, 0.17930360324680805], "train_acc": [0.4513888888888889, 0.5208333333333334, 0.5416666666666666, 0.5868055555555556, 0.6145833333333334, 0.625, 0.6979166666666667, 0.6840277777777778, 0.71875, 0.7118055555555556, 0.7361111111111112, 0.7222222222222222, 0.7604166666666667, 0.8333333333333334, 0.7916666666666666, 0.8263888888888888, 0.8368055555555556, 0.8402777777777777, 0.8368055555555556, 0.8298611111111112, 0.8645833333333334, 0.8368055555555556, 0.8854166666666667, 0.8923611111111112, 0.8888888888888888, 0.8854166666666667, 0.8923611111111112, 0.9305555555555556, 0.875, 0.8854166666666666, 0.90625, 0.9236111111111112, 0.9236111111111112, 0.9201388888888888, 0.9166666666666666, 0.9236111111111112, 0.9340277777777778, 0.9340277777777777, 0.9166666666666667, 0.9201388888888888, 0.9340277777777777, 0.9340277777777778, 0.9340277777777779, 0.9513888888888888, 0.9340277777777778, 0.9375, 0.9375, 0.9513888888888888, 0.9756944444444444, 0.9583333333333334], "val_loss": [3.1134678721427917, 2.463282585144043, 1.7910613417625427, 1.5720582902431488, 1.5925956070423126, 1.6516019403934479, 1.6588999032974243, 1.677258938550949, 1.652221292257309, 1.583217442035675, 1.5477869510650635, 1.5302980244159698, 1.495543658733368, 1.4224653542041779, 1.4142975211143494, 1.4934598505496979, 1.5355565249919891, 1.5458930730819702, 1.5179241001605988, 1.4970287680625916, 1.5062468945980072, 1.5440281629562378, 1.5699372291564941, 1.5541412234306335, 1.5135483145713806, 1.480146050453186, 1.4963815808296204, 1.5495160222053528, 1.5703843533992767, 1.5811301469802856, 1.5747868716716766, 1.5638282001018524, 1.5589968264102936, 1.5650217533111572, 1.625554233789444, 1.6123606264591217, 1.543362021446228, 1.538459688425064, 1.5815955996513367, 1.6004044711589813, 1.5726964175701141, 1.5093528926372528, 1.5256151854991913, 1.5665464401245117, 1.5883230865001678, 1.6367919147014618, 1.640193909406662, 1.5918408930301666, 1.5509497821331024, 1.546303540468216], "val_acc": [0.3368055555555556, 0.36458333333333337, 0.4409722222222222, 0.4826388888888889, 0.4965277777777778, 0.5, 0.48958333333333326, 0.4756944444444444, 0.4861111111111111, 0.5069444444444444, 0.5243055555555556, 0.5104166666666666, 0.5104166666666666, 0.5208333333333333, 0.5104166666666667, 0.5138888888888888, 0.5034722222222222, 0.5104166666666667, 0.5173611111111112, 0.5173611111111112, 0.517361111111111, 0.5069444444444444, 0.5138888888888888, 0.5138888888888888, 0.5173611111111112, 0.5277777777777777, 0.5173611111111112, 0.5173611111111112, 0.5173611111111112, 0.5208333333333333, 0.5208333333333333, 0.5243055555555555, 0.5208333333333333, 0.5381944444444444, 0.5347222222222223, 0.5277777777777777, 0.5347222222222223, 0.5347222222222223, 0.5277777777777778, 0.5277777777777778, 0.5486111111111112, 0.5555555555555556, 0.5625, 0.5416666666666666, 0.517361111111111, 0.5208333333333333, 0.53125, 0.5416666666666666, 0.5381944444444444, 0.5451388888888888]}