{"train_loss": [1.673263669013977, 1.3838200867176056, 1.1242402344942093, 0.9532073140144348, 0.9145151674747467, 0.9357197880744934, 0.7554696425795555, 0.653524786233902, 0.6289851441979408, 0.6727887690067291, 0.5514194816350937, 0.4675031825900078, 0.4836628586053848, 0.554914578795433, 0.4285079091787338, 0.4561535343527794, 0.370048850774765, 0.3950463533401489, 0.38661374896764755, 0.30144108459353447, 0.34466123953461647, 0.3182086870074272, 0.35031957924366, 0.2884492501616478, 0.2627124711871147, 0.249570582062006, 0.26565318182110786, 0.2842184752225876, 0.26401492208242416, 0.24659774079918861, 0.24914675578474998, 0.19926520809531212, 0.21959755569696426, 0.1762201339006424, 0.2159648761153221, 0.2060750015079975, 0.20194492116570473, 0.14950008504092693, 0.15656523406505585, 0.16952992603182793, 0.15156162343919277, 0.12606202997267246, 0.1399776227772236, 0.15133379772305489, 0.13401069678366184, 0.13850740902125835, 0.14999215677380562, 0.12158063240349293, 0.13294419273734093, 0.11709683202207088], "train_acc": [0.5034722222222222, 0.5243055555555556, 0.5902777777777778, 0.6423611111111112, 0.6736111111111112, 0.6770833333333333, 0.7118055555555556, 0.7604166666666666, 0.7638888888888888, 0.7083333333333334, 0.767361111111111, 0.8055555555555556, 0.8125, 0.7847222222222223, 0.8229166666666667, 0.8368055555555556, 0.8645833333333334, 0.84375, 0.8402777777777778, 0.888888888888889, 0.875, 0.8958333333333334, 0.8576388888888888, 0.9027777777777777, 0.8993055555555556, 0.9062499999999999, 0.9131944444444444, 0.892361111111111, 0.9027777777777778, 0.9166666666666666, 0.9097222222222222, 0.9270833333333333, 0.9236111111111112, 0.9548611111111112, 0.9375, 0.9305555555555556, 0.9236111111111112, 0.9583333333333333, 0.9548611111111112, 0.9409722222222223, 0.9479166666666667, 0.9722222222222223, 0.9479166666666666, 0.951388888888889, 0.954861111111111, 0.9548611111111112, 0.9618055555555556, 0.9687500000000001, 0.9618055555555556, 0.9687500000000001], "val_loss": [1.8493130505084991, 1.3049306273460388, 1.157319337129593, 1.1081578135490417, 1.0332310497760773, 0.9543495029211044, 0.8703998923301697, 0.8347864896059036, 0.8237558752298355, 0.8189167380332947, 0.8013384491205215, 0.7876769155263901, 0.7831398993730545, 0.7753106653690338, 0.7673048079013824, 0.76412533223629, 0.7764359414577484, 0.7725750207901001, 0.7739610821008682, 0.7619331330060959, 0.7467338144779205, 0.7525810301303864, 0.7540670484304428, 0.7566032409667969, 0.7467548698186874, 0.7398817092180252, 0.7341070473194122, 0.7241698652505875, 0.7161599844694138, 0.7282183319330215, 0.7323869466781616, 0.7363317757844925, 0.7282254993915558, 0.7211779206991196, 0.7248767763376236, 0.7161965817213058, 0.6986848711967468, 0.7113894671201706, 0.7094840556383133, 0.6959123760461807, 0.6874281913042068, 0.6925443112850189, 0.6948944628238678, 0.6823444962501526, 0.677221491932869, 0.6911666691303253, 0.7128508538007736, 0.7089145481586456, 0.6895112097263336, 0.6811563372612], "val_acc": [0.4409722222222222, 0.545138888888889, 0.5868055555555556, 0.5972222222222222, 0.625, 0.6493055555555556, 0.6736111111111112, 0.6666666666666667, 0.6805555555555556, 0.6770833333333334, 0.6979166666666667, 0.7048611111111112, 0.7048611111111112, 0.7118055555555556, 0.7083333333333334, 0.7118055555555556, 0.7083333333333334, 0.7013888888888888, 0.7013888888888888, 0.7048611111111112, 0.71875, 0.7083333333333334, 0.704861111111111, 0.701388888888889, 0.7083333333333334, 0.7222222222222222, 0.7187500000000001, 0.7395833333333334, 0.736111111111111, 0.7395833333333333, 0.7430555555555556, 0.71875, 0.7222222222222222, 0.7430555555555556, 0.75, 0.7604166666666666, 0.7604166666666667, 0.7604166666666666, 0.7569444444444444, 0.767361111111111, 0.7708333333333334, 0.767361111111111, 0.7708333333333334, 0.7708333333333334, 0.7604166666666666, 0.7465277777777778, 0.7465277777777778, 0.7534722222222223, 0.7534722222222222, 0.763888888888889]}