{"train_loss": [0.6979702711105347, 0.5699634850025177, 0.4937868043780327, 0.4367632493376732, 0.3914530873298645, 0.35434362292289734, 0.3240203782916069, 0.2988686114549637, 0.2778683714568615, 0.2603183425962925, 0.24539873376488686, 0.23248420283198357, 0.22116947546601295, 0.2111799754202366, 0.202353086322546, 0.19453000277280807, 0.18752650171518326, 0.18119703605771065, 0.17544660717248917, 0.17020925879478455, 0.16543332487344742, 0.16106363758444786, 0.15704110637307167, 0.15331662073731422, 0.1498556025326252, 0.1466325744986534, 0.14362548291683197, 0.140812449157238, 0.1381723340600729, 0.13568701967597008, 0.13334247656166553, 0.1311275102198124, 0.12903192825615406, 0.12704578787088394, 0.12515967898070812, 0.12336514331400394, 0.12165520526468754, 0.12002378329634666, 0.11846539936959743, 0.1169748418033123, 0.1155471634119749, 0.1141778789460659, 0.1128630731254816, 0.11159917898476124, 0.11038291454315186, 0.10921125672757626, 0.10808132216334343, 0.10699046403169632, 0.1059363391250372, 0.10491676069796085], "train_acc": [0.7118055555555556, 0.7777777777777778, 0.8125, 0.8645833333333334, 0.888888888888889, 0.90625, 0.9236111111111112, 0.9375, 0.9444444444444444, 0.954861111111111, 0.9583333333333334, 0.9618055555555555, 0.9652777777777778, 0.9756944444444444, 0.982638888888889, 0.9861111111111112, 0.9895833333333334, 0.9930555555555556, 0.9930555555555556, 0.9930555555555556, 0.9930555555555556, 1.0, 1.0, 1.0, 1.0, 1.0, 1.0, 1.0, 1.0, 1.0, 1.0, 1.0, 1.0, 1.0, 1.0, 1.0, 1.0, 1.0, 1.0, 1.0, 1.0, 1.0, 1.0, 1.0, 1.0, 1.0, 1.0, 1.0, 1.0, 1.0], "val_loss": [0.8163552284240723, 0.6634012758731842, 0.5705499351024628, 0.5175318941473961, 0.48539668321609497, 0.4661446064710617, 0.454436756670475, 0.4467880055308342, 0.44118816405534744, 0.4361482113599777, 0.43099502474069595, 0.42602458596229553, 0.42200516164302826, 0.41898422688245773, 0.4169004485011101, 0.41549423336982727, 0.4140785038471222, 0.41257356852293015, 0.41128872334957123, 0.4103962928056717, 0.4095907062292099, 0.40885988622903824, 0.4082241728901863, 0.40771593153476715, 0.40735236555337906, 0.4070565924048424, 0.40678051859140396, 0.4066511392593384, 0.4066275730729103, 0.4066922515630722, 0.40688278526067734, 0.4068142920732498, 0.40684741735458374, 0.40695276111364365, 0.4071504846215248, 0.4073707386851311, 0.40768344700336456, 0.4079138785600662, 0.40810735523700714, 0.40846388041973114, 0.4088458865880966, 0.4090665206313133, 0.4092864841222763, 0.40962765365839005, 0.40993553400039673, 0.41016656160354614, 0.41041920334100723, 0.410732202231884, 0.41099367290735245, 0.4111403748393059], "val_acc": [0.6423611111111112, 0.7326388888888888, 0.767361111111111, 0.7916666666666666, 0.7986111111111112, 0.798611111111111, 0.8055555555555556, 0.8055555555555556, 0.8124999999999999, 0.8159722222222221, 0.8125, 0.8159722222222221, 0.8090277777777777, 0.8125, 0.8125, 0.8125, 0.8125, 0.8159722222222221, 0.8159722222222221, 0.8159722222222221, 0.8159722222222221, 0.8229166666666667, 0.8229166666666667, 0.8229166666666667, 0.8298611111111112, 0.8263888888888888, 0.8229166666666666, 0.8229166666666666, 0.8194444444444444, 0.8194444444444444, 0.8229166666666667, 0.8263888888888888, 0.8263888888888888, 0.8263888888888888, 0.8263888888888888, 0.8263888888888888, 0.8298611111111112, 0.8298611111111112, 0.8263888888888888, 0.8298611111111112, 0.8298611111111112, 0.8298611111111112, 0.8298611111111112, 0.8333333333333334, 0.8333333333333334, 0.8333333333333334, 0.8333333333333334, 0.8333333333333334, 0.8263888888888888, 0.8298611111111112]}