{"train_loss": [0.9778079837560654, 0.8277554512023926, 0.7241783142089844, 0.6390823945403099, 0.5734293609857559, 0.5210342332720757, 0.47853798419237137, 0.44463490694761276, 0.4159693196415901, 0.39194463193416595, 0.3713332712650299, 0.3531685695052147, 0.33719002455472946, 0.32295677810907364, 0.3102668523788452, 0.29890891537070274, 0.2886786051094532, 0.27943991124629974, 0.27105776220560074, 0.26342668011784554, 0.25643281638622284, 0.2499903030693531, 0.24404293671250343, 0.238543301820755, 0.23344137147068977, 0.22868795320391655, 0.22424808144569397, 0.22009654343128204, 0.21620779857039452, 0.21255435794591904, 0.2091129571199417, 0.20586634427309036, 0.20279842987656593, 0.1998923346400261, 0.19713254645466805, 0.1945069655776024, 0.19200549647212029, 0.18961834162473679, 0.18733622878789902, 0.1851511225104332, 0.18305635452270508, 0.18104545772075653, 0.1791122816503048, 0.17725148051977158, 0.17545852810144424, 0.17372915521264076, 0.17205926030874252, 0.1704450063407421, 0.16888312995433807, 0.16737060621380806], "train_acc": [0.6145833333333334, 0.6770833333333334, 0.7222222222222222, 0.763888888888889, 0.7951388888888888, 0.8298611111111112, 0.8506944444444444, 0.8645833333333334, 0.9027777777777778, 0.9166666666666665, 0.9236111111111112, 0.9236111111111112, 0.9444444444444445, 0.9479166666666667, 0.9583333333333334, 0.9583333333333334, 0.96875, 0.9756944444444444, 0.9756944444444444, 0.9756944444444444, 0.9756944444444444, 0.9791666666666666, 0.9791666666666666, 0.982638888888889, 0.9895833333333334, 0.9930555555555556, 0.9930555555555556, 0.9965277777777778, 0.9965277777777778, 0.9965277777777778, 0.9965277777777778, 0.9965277777777778, 0.9965277777777778, 0.9965277777777778, 0.9965277777777778, 0.9965277777777778, 0.9965277777777778, 0.9965277777777778, 0.9965277777777778, 0.9965277777777778, 0.9965277777777778, 0.9965277777777778, 0.9965277777777778, 1.0, 1.0, 1.0, 1.0, 1.0, 1.0, 1.0], "val_loss": [1.1353761851787567, 1.115527704358101, 1.0958692282438278, 1.071579098701477, 1.0503689348697662, 1.0321778804063797, 1.013575792312622, 0.9934661388397217, 0.975471094250679, 0.9627284556627274, 0.9539870619773865, 0.9476756155490875, 0.9437158107757568, 0.9414575546979904, 0.9373788386583328, 0.9361437559127808, 0.9365742206573486, 0.9358045905828476, 0.9342096447944641, 0.9310784041881561, 0.928734615445137, 0.9274518042802811, 0.9272369742393494, 0.9273084551095963, 0.927466869354248, 0.9277500659227371, 0.9282854944467545, 0.9293735474348068, 0.9311027377843857, 0.9321166425943375, 0.932603195309639, 0.9320752173662186, 0.9311875551939011, 0.931531548500061, 0.932190790772438, 0.9326019436120987, 0.933724045753479, 0.9347869008779526, 0.9350437372922897, 0.9350071102380753, 0.9353325963020325, 0.9356784820556641, 0.9356577694416046, 0.9352665990591049, 0.9357615113258362, 0.9362760931253433, 0.9366348683834076, 0.9368476122617722, 0.9371228963136673, 0.9371810257434845], "val_acc": [0.5694444444444444, 0.5798611111111112, 0.5902777777777778, 0.6006944444444444, 0.5972222222222222, 0.6006944444444444, 0.6111111111111112, 0.6145833333333334, 0.6215277777777778, 0.6284722222222222, 0.6284722222222222, 0.625, 0.625, 0.6215277777777778, 0.625, 0.6354166666666666, 0.6388888888888888, 0.6388888888888888, 0.642361111111111, 0.6319444444444444, 0.6354166666666666, 0.6319444444444444, 0.6284722222222222, 0.6284722222222222, 0.625, 0.6319444444444444, 0.6388888888888888, 0.6388888888888888, 0.6388888888888888, 0.6388888888888888, 0.6354166666666667, 0.6354166666666667, 0.6354166666666667, 0.6319444444444444, 0.6284722222222222, 0.6319444444444444, 0.6284722222222222, 0.6319444444444444, 0.6388888888888888, 0.6423611111111112, 0.6319444444444444, 0.6319444444444444, 0.6319444444444444, 0.6319444444444444, 0.6319444444444444, 0.6284722222222222, 0.6284722222222222, 0.6284722222222222, 0.6319444444444444, 0.6319444444444444]}