{"train_loss": [1.1324219852685928, 0.9280844032764435, 0.802405521273613, 0.7674684375524521, 0.6017549261450768, 0.5575169920921326, 0.502543605864048, 0.39734987169504166, 0.4261758327484131, 0.33042825013399124, 0.3723445013165474, 0.32952217757701874, 0.27446362748742104, 0.28866536915302277, 0.24119915440678596, 0.24985641986131668, 0.23550977930426598, 0.2602091208100319, 0.19623879715800285, 0.19614466093480587, 0.18944532796740532, 0.17416656389832497, 0.18322684988379478, 0.14199183136224747, 0.12380104698240757, 0.12188741005957127, 0.14496094174683094, 0.12049026973545551, 0.1229482963681221, 0.1336177121847868, 0.1236677709966898, 0.10968867130577564, 0.11980355344712734, 0.09722333215177059, 0.11579065024852753, 0.10780740343034267, 0.11005537584424019, 0.119264617562294, 0.07761250436306, 0.10057438723742962, 0.07556961476802826, 0.07671418786048889, 0.06377689354121685, 0.09735273662954569, 0.08700625412166119, 0.05492902919650078, 0.07239517103880644, 0.08031037449836731, 0.0590858506038785, 0.055199094116687775], "train_acc": [0.6597222222222222, 0.6493055555555555, 0.7152777777777777, 0.75, 0.7395833333333334, 0.8159722222222223, 0.8159722222222222, 0.8402777777777778, 0.8472222222222221, 0.8854166666666666, 0.8541666666666667, 0.8784722222222222, 0.8784722222222222, 0.8993055555555555, 0.90625, 0.90625, 0.9097222222222223, 0.892361111111111, 0.9270833333333334, 0.9340277777777778, 0.9340277777777777, 0.9513888888888888, 0.9305555555555556, 0.9583333333333333, 0.9652777777777778, 0.96875, 0.9583333333333334, 0.96875, 0.9652777777777778, 0.954861111111111, 0.9652777777777778, 0.96875, 0.9652777777777779, 0.9687500000000001, 0.954861111111111, 0.9618055555555556, 0.9548611111111112, 0.9583333333333334, 0.982638888888889, 0.9652777777777778, 0.9861111111111112, 0.982638888888889, 0.9895833333333334, 0.9756944444444444, 0.96875, 0.9930555555555556, 0.9861111111111112, 0.9791666666666667, 0.9895833333333334, 0.9895833333333334], "val_loss": [2.3043394088745117, 1.7033466696739197, 1.335363507270813, 1.0750177204608917, 0.9385368973016739, 0.8681144416332245, 0.8459470868110657, 0.8317652642726898, 0.8008438646793365, 0.7831105589866638, 0.7672041058540344, 0.7564039528369904, 0.8247346878051758, 0.8381220996379852, 0.7799263894557953, 0.7118324935436249, 0.6873950958251953, 0.7177136838436127, 0.7821112275123596, 0.7766839116811752, 0.7212913185358047, 0.6864097118377686, 0.703268900513649, 0.7070731371641159, 0.7394785284996033, 0.7758011072874069, 0.7488515675067902, 0.7100955694913864, 0.7068068832159042, 0.7323854565620422, 0.7553030401468277, 0.7250882089138031, 0.6991255879402161, 0.7068007439374924, 0.7423770874738693, 0.7448775470256805, 0.7381988018751144, 0.7123202234506607, 0.6805392205715179, 0.703266367316246, 0.7366660386323929, 0.7494237422943115, 0.7536300867795944, 0.7415207028388977, 0.748036116361618, 0.7828857451677322, 0.7968877255916595, 0.7834552824497223, 0.7656817585229874, 0.752935603260994], "val_acc": [0.4722222222222222, 0.53125, 0.576388888888889, 0.65625, 0.6909722222222222, 0.7083333333333334, 0.7048611111111112, 0.7083333333333334, 0.7118055555555556, 0.71875, 0.7256944444444444, 0.7256944444444445, 0.7222222222222223, 0.7222222222222223, 0.7222222222222223, 0.732638888888889, 0.7569444444444444, 0.7395833333333334, 0.7465277777777778, 0.7430555555555556, 0.7465277777777778, 0.7604166666666666, 0.75, 0.7569444444444444, 0.7604166666666667, 0.7534722222222222, 0.75, 0.7534722222222222, 0.75, 0.7465277777777778, 0.7430555555555556, 0.7465277777777778, 0.7604166666666667, 0.7604166666666666, 0.7604166666666666, 0.7569444444444444, 0.7604166666666666, 0.7604166666666666, 0.7604166666666666, 0.7569444444444444, 0.7534722222222222, 0.7430555555555556, 0.7395833333333334, 0.7395833333333334, 0.75, 0.75, 0.7534722222222222, 0.75, 0.7569444444444444, 0.7569444444444444]}