{"train_loss": [0.48176268488168716, 0.3883974030613899, 0.33715951442718506, 0.29406605288386345, 0.2644643858075142, 0.23925044015049934, 0.21805281192064285, 0.2019071765244007, 0.18812275677919388, 0.17585908249020576, 0.16543041169643402, 0.15644881129264832, 0.1487018559128046, 0.14212455227971077, 0.1364065520465374, 0.13130814395844936, 0.1267324984073639, 0.12260207161307335, 0.11887023411691189, 0.11549454368650913, 0.11241240240633488, 0.10957548208534718, 0.10695512592792511, 0.10452837310731411, 0.10227617435157299, 0.10017988458275795, 0.09822001308202744, 0.09638078883290291, 0.09465079195797443, 0.09302095137536526, 0.09148264862596989, 0.09002753905951977, 0.0886478666216135, 0.08733701333403587, 0.08608965761959553, 0.08490104600787163, 0.08376667834818363, 0.08268207497894764, 0.08164324797689915, 0.08064656518399715, 0.07968901097774506, 0.07876784354448318, 0.0778806060552597, 0.0770249180495739, 0.07619865611195564, 0.0753998402506113, 0.07462671026587486, 0.07387759536504745, 0.0731510017067194, 0.07244554813951254], "train_acc": [0.8368055555555556, 0.8715277777777778, 0.8993055555555556, 0.9270833333333334, 0.9409722222222222, 0.9548611111111112, 0.9652777777777779, 0.9687500000000001, 0.9756944444444445, 0.9791666666666667, 0.982638888888889, 0.9861111111111112, 0.9861111111111112, 0.9895833333333334, 1.0, 1.0, 1.0, 1.0, 1.0, 1.0, 1.0, 1.0, 1.0, 1.0, 1.0, 1.0, 1.0, 1.0, 1.0, 1.0, 1.0, 1.0, 1.0, 1.0, 1.0, 1.0, 1.0, 1.0, 1.0, 1.0, 1.0, 1.0, 1.0, 1.0, 1.0, 1.0, 1.0, 1.0, 1.0, 1.0], "val_loss": [0.4567742124199867, 0.4256756082177162, 0.42583565413951874, 0.4382692873477936, 0.4388289302587509, 0.42223410308361053, 0.40408117324113846, 0.3907759264111519, 0.38390495628118515, 0.37999533116817474, 0.37431952357292175, 0.3653058707714081, 0.3584425523877144, 0.3546847254037857, 0.3541838526725769, 0.3538501337170601, 0.3531695082783699, 0.35134998708963394, 0.348950520157814, 0.347347728908062, 0.3452403098344803, 0.3422935828566551, 0.33937518298625946, 0.33656083047389984, 0.33432286232709885, 0.33313189074397087, 0.33205970749258995, 0.331046637147665, 0.3304390460252762, 0.32966525852680206, 0.32909855246543884, 0.3294534385204315, 0.32898539677262306, 0.32784294709563255, 0.32701826840639114, 0.3266453668475151, 0.3261415362358093, 0.32583988830447197, 0.3255193457007408, 0.3247271031141281, 0.3236265666782856, 0.322973620146513, 0.3224483132362366, 0.32180124521255493, 0.3215152770280838, 0.32194310799241066, 0.3219049498438835, 0.32111914828419685, 0.32019998878240585, 0.31964319571852684], "val_acc": [0.8368055555555556, 0.84375, 0.8541666666666666, 0.8402777777777779, 0.8402777777777778, 0.8402777777777778, 0.8506944444444444, 0.8541666666666667, 0.8541666666666667, 0.8541666666666667, 0.8541666666666667, 0.861111111111111, 0.875, 0.8784722222222222, 0.8819444444444444, 0.8819444444444444, 0.8819444444444444, 0.8819444444444444, 0.8854166666666667, 0.8854166666666667, 0.8958333333333334, 0.8958333333333334, 0.8958333333333334, 0.8958333333333334, 0.8958333333333334, 0.8958333333333334, 0.8958333333333334, 0.8958333333333334, 0.8958333333333334, 0.8958333333333334, 0.9027777777777778, 0.9027777777777778, 0.9027777777777778, 0.90625, 0.90625, 0.90625, 0.90625, 0.90625, 0.9027777777777778, 0.9027777777777778, 0.9027777777777778, 0.9027777777777778, 0.90625, 0.90625, 0.90625, 0.9097222222222222, 0.9097222222222222, 0.9097222222222222, 0.9097222222222222, 0.9097222222222222]}