{"train_loss": [1.4512968957424164, 1.1988641172647476, 1.1642939448356628, 0.9490527212619781, 0.9019080698490143, 0.7148530334234238, 0.7700013816356659, 0.6342466324567795, 0.5636981278657913, 0.4602472186088562, 0.5377753600478172, 0.4888918623328209, 0.386356920003891, 0.3784223422408104, 0.4378328323364258, 0.43885525315999985, 0.39931119978427887, 0.38722625374794006, 0.33121877163648605, 0.3225519135594368, 0.3128129541873932, 0.28067612648010254, 0.19995157793164253, 0.23794573172926903, 0.26321787387132645, 0.24918968975543976, 0.26406383141875267, 0.2816053181886673, 0.20829083397984505, 0.2346171960234642, 0.20078615844249725, 0.17382832616567612, 0.18148160725831985, 0.18553617596626282, 0.19216502085328102, 0.13573912344872952, 0.19973496906459332, 0.17487720400094986, 0.14432261511683464, 0.16161567904055119, 0.15270384959876537, 0.1585999559611082, 0.13677561283111572, 0.15205161646008492, 0.16291172243654728, 0.11683551222085953, 0.12623381987214088, 0.11778425425291061, 0.11301683075726032, 0.16237393766641617], "train_acc": [0.5833333333333334, 0.5972222222222223, 0.6354166666666667, 0.6979166666666667, 0.6979166666666667, 0.7430555555555556, 0.7118055555555556, 0.7604166666666667, 0.7881944444444444, 0.8159722222222222, 0.7881944444444444, 0.8125, 0.8159722222222222, 0.8298611111111112, 0.8472222222222222, 0.8333333333333334, 0.8298611111111112, 0.857638888888889, 0.8715277777777777, 0.8784722222222223, 0.8819444444444444, 0.9097222222222222, 0.9375, 0.9166666666666666, 0.9027777777777778, 0.8888888888888888, 0.8854166666666666, 0.8715277777777778, 0.9409722222222222, 0.9270833333333333, 0.9131944444444444, 0.9444444444444444, 0.9375, 0.9340277777777779, 0.9305555555555556, 0.9618055555555556, 0.9444444444444444, 0.951388888888889, 0.9618055555555556, 0.9479166666666666, 0.9513888888888888, 0.9375, 0.9583333333333333, 0.9305555555555556, 0.951388888888889, 0.9652777777777777, 0.9618055555555556, 0.9618055555555556, 0.9652777777777778, 0.9479166666666667], "val_loss": [1.5484359562397003, 1.4760644882917404, 1.46103435754776, 1.3890236020088196, 1.2916299402713776, 1.25495083630085, 1.2519363164901733, 1.2645002603530884, 1.2705244719982147, 1.234234869480133, 1.1844260096549988, 1.1703933775424957, 1.1933964788913727, 1.1962181329727173, 1.2043361067771912, 1.1907711178064346, 1.1742112189531326, 1.1757107973098755, 1.1786376386880875, 1.1872501522302628, 1.2006720155477524, 1.1778473258018494, 1.1519886404275894, 1.1355305016040802, 1.148698627948761, 1.1941108256578445, 1.2129676192998886, 1.216363474726677, 1.2051276415586472, 1.201637625694275, 1.1747068911790848, 1.1475475281476974, 1.150253176689148, 1.2021598517894745, 1.2308611273765564, 1.193861186504364, 1.144088327884674, 1.1207090616226196, 1.126461699604988, 1.143940195441246, 1.1531202495098114, 1.1647048741579056, 1.174594298005104, 1.1957194358110428, 1.1967947781085968, 1.1985238641500473, 1.1988646537065506, 1.1802809685468674, 1.1375657469034195, 1.1296342313289642], "val_acc": [0.5590277777777778, 0.5486111111111112, 0.5416666666666667, 0.5590277777777778, 0.5902777777777778, 0.5972222222222222, 0.59375, 0.5902777777777778, 0.5833333333333334, 0.59375, 0.611111111111111, 0.6145833333333333, 0.6145833333333334, 0.6076388888888888, 0.6076388888888888, 0.5972222222222222, 0.6145833333333333, 0.6145833333333333, 0.6041666666666666, 0.59375, 0.6111111111111112, 0.6215277777777778, 0.6354166666666667, 0.6284722222222222, 0.625, 0.6111111111111112, 0.6145833333333334, 0.6145833333333334, 0.6215277777777778, 0.625, 0.6319444444444444, 0.6354166666666666, 0.6284722222222222, 0.6215277777777778, 0.6180555555555556, 0.6388888888888888, 0.6423611111111112, 0.6423611111111112, 0.6458333333333333, 0.6388888888888888, 0.6354166666666667, 0.6388888888888888, 0.6423611111111112, 0.625, 0.6354166666666666, 0.6319444444444444, 0.6354166666666667, 0.6354166666666667, 0.6354166666666666, 0.6284722222222222]}