{"train_loss": [1.2844563126564026, 1.0851174741983414, 0.9881269931793213, 0.8797446191310883, 0.7920760661363602, 0.7287289798259735, 0.6720187664031982, 0.6212478205561638, 0.5799783021211624, 0.5445118248462677, 0.5129425749182701, 0.4861219972372055, 0.46303175389766693, 0.44251633435487747, 0.42434411495923996, 0.4081992283463478, 0.39370936155319214, 0.38076235353946686, 0.3692188858985901, 0.35882193595170975, 0.34937506169080734, 0.34074866771698, 0.3328408896923065, 0.32558371871709824, 0.3189132586121559, 0.3127579912543297, 0.30705196410417557, 0.30174045264720917, 0.2967822700738907, 0.2921462878584862, 0.28780490532517433, 0.2837301641702652, 0.2798936516046524, 0.27627114579081535, 0.2728443704545498, 0.2695988453924656, 0.2665209658443928, 0.2635965496301651, 0.2608121335506439, 0.2581561841070652, 0.25561925768852234, 0.25319312885403633, 0.2508697509765625, 0.24864168465137482, 0.24650198221206665, 0.244444590061903, 0.24246391281485558, 0.24055493623018265, 0.23871294409036636, 0.2369336411356926], "train_acc": [0.5069444444444444, 0.5694444444444444, 0.5902777777777778, 0.6597222222222222, 0.701388888888889, 0.7395833333333334, 0.7777777777777778, 0.7847222222222222, 0.8020833333333333, 0.8055555555555556, 0.84375, 0.8611111111111112, 0.875, 0.8854166666666667, 0.8993055555555556, 0.920138888888889, 0.9305555555555556, 0.9409722222222223, 0.9513888888888888, 0.9652777777777779, 0.9722222222222222, 0.9722222222222222, 0.9722222222222222, 0.9722222222222222, 0.9722222222222222, 0.9756944444444445, 0.9791666666666667, 0.982638888888889, 0.982638888888889, 0.9861111111111112, 0.9895833333333334, 0.9895833333333334, 0.9895833333333334, 0.9895833333333334, 0.9895833333333334, 0.9895833333333334, 0.9930555555555556, 0.9930555555555556, 0.9930555555555556, 0.9930555555555556, 0.9965277777777778, 0.9965277777777778, 1.0, 1.0, 1.0, 1.0, 1.0, 1.0, 1.0, 1.0], "val_loss": [1.8131413459777832, 1.7995179295539856, 1.618325412273407, 1.413094848394394, 1.2873923182487488, 1.234069049358368, 1.2158363461494446, 1.2088802456855774, 1.1897929012775421, 1.1564428508281708, 1.122956782579422, 1.1000635027885437, 1.0856049060821533, 1.0785000771284103, 1.0735807120800018, 1.0674130022525787, 1.0613151490688324, 1.0561236143112183, 1.0535368472337723, 1.0524276942014694, 1.0504305958747864, 1.0472906827926636, 1.0438553094863892, 1.041664570569992, 1.040412649512291, 1.0397824347019196, 1.038942277431488, 1.0375407934188843, 1.0360414683818817, 1.0348618179559708, 1.0345193594694138, 1.0348192006349564, 1.0350704342126846, 1.0350516438484192, 1.034936636686325, 1.035420447587967, 1.0359448492527008, 1.0369780957698822, 1.0375934690237045, 1.038223996758461, 1.038751557469368, 1.0393261909484863, 1.040166825056076, 1.041189581155777, 1.0421526432037354, 1.0425796657800674, 1.0432143807411194, 1.0441595762968063, 1.044733464717865, 1.0452266931533813], "val_acc": [0.3298611111111111, 0.32638888888888884, 0.3576388888888889, 0.4097222222222222, 0.4444444444444444, 0.4618055555555555, 0.47222222222222227, 0.4756944444444445, 0.4826388888888889, 0.4861111111111111, 0.5034722222222222, 0.5208333333333333, 0.5173611111111112, 0.5208333333333334, 0.5347222222222222, 0.5381944444444444, 0.5416666666666667, 0.5486111111111112, 0.5590277777777778, 0.5590277777777778, 0.5555555555555556, 0.5555555555555556, 0.5555555555555556, 0.5625, 0.5659722222222222, 0.5590277777777778, 0.5625, 0.5659722222222222, 0.5625, 0.5659722222222222, 0.5659722222222222, 0.5694444444444444, 0.5659722222222222, 0.5625, 0.5625, 0.5659722222222222, 0.5659722222222222, 0.5659722222222222, 0.5659722222222222, 0.5694444444444444, 0.5659722222222222, 0.5659722222222222, 0.5694444444444444, 0.5694444444444444, 0.5729166666666666, 0.5694444444444444, 0.5694444444444444, 0.5729166666666666, 0.5729166666666666, 0.5729166666666666]}